UserID,Email,Password,Handle
1,fbellwood0@va.gov,zI5=z5PhY9UF<*5l,dsheara0
2,amcquarrie1@over-blog.com,bP3/z/DEeAB)Du,mnewbery1
3,gcolpus2@privacy.gov.au,"tG5,Z<TYw+",rjeenes2
4,dpeirce3@google.de,aV1&Y>.M7HKtPs,dfreeman3
5,sheningam4@microsoft.com,kS5_YrT's/q_gK,shedlestone4
6,cfrancie5@vinaora.com,"eG7+<~""3A%SHRcb",hminchinton5
7,cwesthead6@jigsy.com,uO5&l*$4!,esimoneton6
8,mlomax7@oracle.com,vP4<%g~Z>=,ederobert7
9,kughetti8@twitpic.com,tA9.&.vw,scalkin8
10,ahalpin9@github.com,fQ0?Y@5L%%?lA,pmattinson9
11,amaunda@pinterest.com,xB9$G0TA}m,scaccavellaa
12,psaerb@bloglines.com,oF3){PcUP$oi6X<V,afowleb
13,rmillec@ocn.ne.jp,"qV1,SVDjb/E}B3D",jchapelhowc
14,twyked@networkadvertising.org,mW7#HJ8rP8Qju,eatyeod
15,owogdone@stanford.edu,"oH6(u_8(!~Y*g,",lglassere
16,egarrettsonf@slideshare.net,"eS9<v?Vy+m"">",adommersenf
17,scomming@gmpg.org,sO2)\!'HsMd,scanling
18,royletth@deviantart.com,qH3%(C>U>zLaSJ(,arichardeauh
19,honearyi@noaa.gov,sN8\fAB=~H46VcO,bbramichi
20,hhenningtonj@ftc.gov,qN3{{BY6=oew._K,hwarsopj
21,mmaccauleyk@alibaba.com,zX5(2K$o3|rPT9,gbecketk
22,tscardafieldl@accuweather.com,sR9~reg',hhenzleyl
23,biannazzim@webmd.com,vK4$y1aZ,rtharmem
24,gvasilikn@omniture.com,qZ8~Jfh`*`b,vterbrugn
25,mbloxsomo@vk.com,lM4'C>g~*3S,kdelcastelo
26,akilcullenp@drupal.org,lX1=voVC===H!vGg,bdiplockp
27,alarwoodq@hexun.com,"oZ5<o5zu%4}c,",lborrieq
28,agorstr@360.cn,yC4`Eh@#++7uo,cbrotheridger
29,zlambshines@1und1.de,fH1}LIZn,klyttles
30,jjosskovitzt@slate.com,"bH0<GBRz""SXE?Q&",kmurreyt
31,lgommesu@dagondesign.com,"uI3|""s/#wf.2",jfolkardu
32,tdufairev@wired.com,aP3>*\\=(L,mcutlerv
33,irannsw@furl.net,"cK9""Y|Lw",egwynw
34,bkettsx@github.io,yP4.0>m=f2+Yx&m@,dacorsx
35,lrubely@angelfire.com,gI3_'s`Lajnga,santramy
36,wboothroydz@nba.com,"qK7!5LB3""&?XG2",ecummungsz
37,kstorre10@mapy.cz,dE1|}!\zMa/,rpinchen10
38,cmclleese11@amazon.co.uk,aH0<Zz>|FjHzhGlD,lkwietek11
39,ushortan12@yellowbook.com,mP0=h|GyPJ@/%gY,pgumb12
40,bmerrigans13@newyorker.com,yE0#G\mOn{x**'CM,mgilham13
41,gmusprat14@ucla.edu,hU4>q#01!I_7,vantowski14
42,pwedgwood15@cnn.com,nO4`_8mwFu_~,rbrack15
43,btyers16@lulu.com,tM6(w3BDA,fabbatt16
44,qstickins17@google.com.au,"fP9%,lX6EFgg",jbaggot17
45,oduckit18@furl.net,rR9??OX4{v%`k,cpolden18
46,dbrickett19@naver.com,"eQ8|SkY""#j`",htaks19
47,avivash1a@europa.eu,eW0/Co?P}fgk&,mhillock1a
48,roseland1b@nps.gov,gN7(+mISZ'o=ML9t,darno1b
49,mmcilreavy1c@fema.gov,iK3=yaTzAfm,harnauduc1c
50,bbulfield1d@tuttocitta.it,rC6`a&JQUCM,jpilmore1d
51,ebenford1e@1688.com,pM1/?Lj(',dfeldman1e
52,sthirlwell1f@pagesperso-orange.fr,kY0*q=&P{7lC,dcaldaro1f
53,cmallion1g@usatoday.com,"wB4}(O$z?<=,k((",dmeynell1g
54,fklossmann1h@mashable.com,hS6@uMaa{{_gXE,brapsey1h
55,bbrouwer1i@soundcloud.com,zT1~d1/%SE,sskells1i
56,cmcsharry1j@msn.com,lG0<T4aax0}.,kforrest1j
57,ptruesdale1k@wunderground.com,"hS5,I.xv@2W@",kchung1k
58,jraspison1l@imageshack.us,bP3)rt1|3QLK,bclogg1l
59,fdoust1m@marketwatch.com,vA7+xVLA\Ye&B6ru,rhuckett1m
60,nfelder1n@eventbrite.com,lK8\Y%+{3j%Zf,lweatherley1n
61,jatthow1o@scientificamerican.com,"eO0$jcZFkdA0'_z,",dtremlett1o
62,rblethyn1p@pen.io,"cG3!0""2""hPZ",jmoulster1p
63,braubheim1q@youtube.com,iN8#~YhPi~,landriuzzi1q
64,mbareham1r@nps.gov,rH4|~~S~'j(,lchace1r
65,rskedgell1s@nationalgeographic.com,wQ7!A+=$B,ypaoloni1s
66,cproske1t@feedburner.com,"fM4&""mQaWVW29",sbrady1t
67,adevanny1u@google.ca,bW8$yT.QF6nv16,sebdin1u
68,dharmar1v@dot.gov,eV3$sCY)k,agreenhall1v
69,bcork1w@army.mil,fU2{C&u{<gr,kgipp1w
70,fmcmenamy1x@ucoz.com,aL1_{#NM=Fu$,amacane1x
71,cpeltz1y@nyu.edu,dU9'zyQVzuN5h<,bblinco1y
72,jlegrice1z@ocn.ne.jp,kC2&2r#s0H<D_Z,dmccook1z
73,dcoleshill20@comcast.net,tU0$RIC#CDYVc%,ffinlaison20
74,ccossom21@drupal.org,"sS8,,nJCF_JV",wiacovino21
75,epenhall22@xrea.com,kA3@'S2cdq,ngrindley22
76,tgeall23@wp.com,sZ2*1hw6.,kmclernon23
77,nfayre24@opensource.org,gY2)O<s?U,kserot24
78,kwardroper25@list-manage.com,lD1!7!(OolPtF,mrattry25
79,gdy26@godaddy.com,tM4}`$N~qoZI)FG),lskelcher26
80,amenloe27@npr.org,nR9.8+xYWfro,tbehning27
81,dstillgoe28@livejournal.com,uK0~Sebcz4_,cpovlsen28
82,droyston29@hibu.com,tW7+c.c`3Qym,hscopham29
83,croizn2a@home.pl,"qP8`e%LM+,`&$",cwillisch2a
84,pvictory2b@fda.gov,hS1_Wm|p.&u6p,gkeattch2b
85,vgiacubo2c@fema.gov,"tO4,t.,.",palderwick2c
86,agilman2d@cloudflare.com,fM0>l_/y,gbaiss2d
87,goflynn2e@smugmug.com,"jE5\k,e6",cdryden2e
88,ktrimme2f@bigcartel.com,cM3_|xZT{lzQyx`N,lvenart2f
89,lcurnick2g@cbslocal.com,iD2/MFRb9S,agrimwade2g
90,sdundin2h@cargocollective.com,xN7!JNJv,bmacieja2h
91,ttommen2i@google.pl,"aN4.<<f48""WIw<Kz",wlisciardelli2i
92,rsimion2j@chronoengine.com,tI8!s_}}5Gx{sfs8,ghefford2j
93,lnaul2k@cornell.edu,eW7&AL+_arD|,bvaughton2k
94,kroullier2l@booking.com,iZ4}`bKoxA@.Y(X,lgillivrie2l
95,phutt2m@gravatar.com,zQ6=*n1rL,mpatrick2m
96,lrowantree2n@dot.gov,hC0/1/.S,cgrisard2n
97,kwasling2o@smugmug.com,"sC3""SZm&LU/iswp2",ctampling2o
98,fdanielis2p@answers.com,"wA6&""<}U""7<s_H",rfarquarson2p
99,amallam2q@dion.ne.jp,mM2>XH2cBbE%q,hflute2q
100,ajohnsey2r@goo.gl,qK9%U7C\HPJcHs|f,drosario2r
101,icolman2s@goo.ne.jp,"jU5_F/u,cX=r",abelfit2s
102,bpaulsen2t@dmoz.org,pA3(>%lOy&To!0,msimeon2t
103,bshevlan2u@rambler.ru,nE1_maDs7Bzoixe,fyarker2u
104,gpaulich2v@psu.edu,vP4*GZG+,kcayet2v
105,mschubert2w@vinaora.com,jU3}vzobS/Xq9g,vmoryson2w
106,zszwarc2x@wp.com,bE6|}mWTI7,klitchmore2x
107,gpetzolt2y@npr.org,bB0?>Nz8,cmcvitie2y
108,kzavattari2z@msn.com,"gX5>_9x9bt8g,`i",benright2z
109,ibatrop30@xing.com,bK4=hw~sd+ZAo,kmarval30
110,gderobertis31@bizjournals.com,lR9.$@}_pW3,ahumby31
111,dmetzke32@wsj.com,gS5_aQa},awalshaw32
112,mranderson33@businesswire.com,uG3'1DbnIK3Ejkj,hnesfield33
113,hhousiaux34@irs.gov,bX5/#$qf=.K7#,ucampsall34
114,gdebruijne35@state.gov,qC0<&|@qbg,pandreu35
115,kkunzelmann36@over-blog.com,"oY5""{9#T<*3xW",narnauduc36
116,kserfati37@rambler.ru,tQ1%lW<W~FZj+lYy,uguntrip37
117,llaimable38@discovery.com,kS5(ESE@9yJp5UX,bglasheen38
118,tcomini39@army.mil,aC5?/Z6/DdS2>hq,vmcilharga39
119,tskypp3a@adobe.com,"mH6=umV,",estear3a
120,cbrecknall3b@last.fm,vU4(ydxax&P/9kg',lfann3b
121,ispriddle3c@cpanel.net,yV2.GL5?zD2*~,jminerdo3c
122,jebbrell3d@hugedomains.com,bU5.q{e7K_S,jromain3d
123,kdanielczyk3e@e-recht24.de,yM3\pt0im%`,mmaudsley3e
124,byorke3f@scientificamerican.com,"qX6,7N(#VfGM,0",dscholey3f
125,eswinglehurst3g@si.edu,fP1$_?6F1S,lpirdue3g
126,epenritt3h@privacy.gov.au,vT1?Yin!_ea,gziemke3h
127,cslinger3i@toplist.cz,wF7!'LI0OdFKZK,amechan3i
128,jbackshell3j@gmpg.org,bW4._jYjLcYOS)m@,hkinig3j
129,fmarchant3k@nih.gov,lT5<6i#N,gtourville3k
130,iconen3l@mit.edu,"iT5*e52B$,5<,F",edrewclifton3l
131,kmcgrah3m@liveinternet.ru,eH4)wv0mxG8to9,arootes3m
132,aleathwood3n@harvard.edu,gD8$v~'yv@,hbirts3n
133,mreade3o@oracle.com,vE4=>LIM4<b~nuL,cmatysiak3o
134,mbownes3p@xing.com,pK3$hUe8W6zFLZ4,gscantlebury3p
135,kmccomb3q@bravesites.com,nG2}WK.6(5Was,dlieb3q
136,cvandendael3r@wix.com,gN0=Jkga\vp,aventum3r
137,kheigold3s@example.com,"nX5+`|,j}'DQm2",jleist3s
138,mgopsell3t@friendfeed.com,uK3+C@zx,fperillio3t
139,idaborne3u@e-recht24.de,dM6+QfjYf,tallder3u
140,clopes3v@wunderground.com,yZ1+dMOP,ichaudhry3v
141,rdemangeon3w@gov.uk,kY6>b#zrx,dhupka3w
142,wralling3x@nature.com,cC8&<TR%,fkeune3x
143,fconrath3y@webeden.co.uk,eH7}k(!wpbhqB#l,jfolk3y
144,tllewelyn3z@rambler.ru,"eI3{5""9KgJ2/%j",kborwick3z
145,rchiplin40@bigcartel.com,zB2/FqOXx&hG,gpeschmann40
146,vdodwell41@1688.com,"rM6'k>rF,Vk",mpennaman41
147,gcoultass42@csmonitor.com,jO3$?kH9`b#/a/PK,tkaaskooper42
148,cbavage43@clickbank.net,xA2}T<fmhL,mdrinkale43
149,jclubley44@sina.com.cn,cF0&f!t7z/M,dbertomeu44
150,gbiddwell45@feedburner.com,"pZ0&5}a\'n~#peP""",kbaddow45
151,ajodkowski46@prlog.org,yR1!u{*+FR1wp<,tdignall46
152,kcopeland47@1und1.de,"wL6,AOK/A",abritland47
153,garboine48@wiley.com,tJ3/+_qMfJN/,wmanley48
154,bbeake49@zdnet.com,mL8%.N$ApNgx.9,mcrebbin49
155,akingston4a@unicef.org,wU8&Lxn6B@he_6g,psommerland4a
156,sabeau4b@zimbio.com,kE3`/.jDUif<m,vlincey4b
157,oboich4c@huffingtonpost.com,wJ9'G\rn1@,ohuglin4c
158,bengley4d@diigo.com,"yO8$rE""@7uQk",rashbrook4d
159,scutts4e@hubpages.com,oT8<%nI8fS,gkeavy4e
160,psprasen4f@reference.com,jG3\'pZL,sclearley4f
161,dshailer4g@cornell.edu,"cD6{""4KIHo|",ddudny4g
162,vsuatt4h@economist.com,mA1.b=UXPawh,jzamora4h
163,hmaccaffrey4i@smugmug.com,yR3'i|_'O7},bhillan4i
164,fferrarotti4j@booking.com,qR0*lY_Vr'%,djzhakov4j
165,crudman4k@domainmarket.com,qY8+V50@.9,dlunk4k
166,ohaps4l@de.vu,eM0\DOdI,uwestfield4l
167,ademoreno4m@fastcompany.com,eM7\OJ\C$)'U,tfairbrace4m
168,mwisker4n@naver.com,gZ2|2R!#cjSvZN,zdenormanville4n
169,dcready4o@woothemes.com,hP6{.G=iTJ)0,amckerley4o
170,klante4p@springer.com,mD8(FcMwanUe3,bdoylend4p
171,gspeek4q@geocities.jp,oI4\r*&%P'U,mthiem4q
172,adodgson4r@php.net,"sZ0#HwOA&2""",mjiricka4r
173,rweild4s@loc.gov,xJ2$F@sZ0\r'P0,rsharrard4s
174,gantosch4t@thetimes.co.uk,"wM4}?Kt""7Z~Wjyk",aantonescu4t
175,rgareisr4u@zimbio.com,"aS3<=67oM,wVIj",eshyre4u
176,mhendricks4v@gmpg.org,gQ8~82W\`'VV,emarusik4v
177,cjirick4w@princeton.edu,sK6{n}G2,fchristophersen4w
178,bevamy4x@delicious.com,"yL5??tug,bB",onequest4x
179,esimister4y@jimdo.com,"tI2+h,@O>VX}ISFG",jmcelroy4y
180,mmapes4z@sitemeter.com,cO4%D`5b2}x|L,gmaddinon4z
181,rmatthewman50@blogspot.com,"hB4/5o4y""",lside50
182,tladds51@virginia.edu,sC1+nAN|VW2d,wboaler51
183,mboot52@unicef.org,cS6(i)wj|,ncomberbeach52
184,mdonisi53@mapquest.com,cS4/)=(g,fledur53
185,ckeavy54@slideshare.net,eP0$9H=a6a%,iperulli54
186,etabour55@last.fm,fZ6'M}j{,htebbs55
187,sferrar56@ft.com,"wB1_SK""Zfv",bblest56
188,rpearl57@blogger.com,yX7}Qg45tkmE,ndeblasiis57
189,cpowner58@people.com.cn,"tZ2(%|krl<""8Os&",rsimonato58
190,ahawkey59@rambler.ru,"xP6~"",*2",dvasile59
191,iimloch5a@paginegialle.it,"lG2,KuK4aQL3\P5",abatrip5a
192,bschukert5b@ifeng.com,mE2%lB!*n',cswatheridge5b
193,epostians5c@ifeng.com,zA5<&GJ#nxM=drU,cskough5c
194,lblaxter5d@state.tx.us,"yN8#,q3/Z/3N$U",ndenney5d
195,shehl5e@eventbrite.com,iP2<lgCy,odalgarnocht5e
196,ebenedek5f@gizmodo.com,bE4*Qtv(1\=,bweyland5f
197,jmcdarmid5g@amazon.com,"zM5,Qf~+",tstockings5g
198,lwindrass5h@sogou.com,bH2*ydt//#?+#=,fwressell5h
199,vdevaan5i@timesonline.co.uk,eV8!bH.IZv(36+zO,mcahillane5i
200,cstatersfield5j@cocolog-nifty.com,rZ5$!1XBVDQ5C{,mpywell5j
201,jdiggens5k@seesaa.net,pE5\?t/GDT,cboards5k
202,kcurd5l@statcounter.com,yA1/qr+e,jbruckner5l
203,jhuzzey5m@blogspot.com,fS8%I|ILj7~xFs|,mflanaghan5m
204,sjotcham5n@boston.com,fA9?uA{!`J,pgerber5n
205,lhousbey5o@statcounter.com,oT9/0ZEFw}/m5mP,hcarlet5o
206,jverrills5p@sun.com,kK7<xod5CO,kbottlestone5p
207,lbirdsey5q@jimdo.com,tH7(3fhO*n%s~I{H,fwhysall5q
208,adignam5r@jalbum.net,hD3#OeA2l3#4+J2\,fbroszkiewicz5r
209,rcalles5s@addthis.com,"qK1""lcK!'XM9\1",bballingal5s
210,klemery5t@sourceforge.net,xX3_Y//7M)AJ,gmowlam5t
211,mweddup5u@w3.org,iZ2#ti@|EoG,flanglois5u
212,dfogt5v@quantcast.com,qW9>XMjfnB&K5T,gdautry5v
213,ngibberd5w@theguardian.com,"qJ9,bcd@""oHw%be<",cquinney5w
214,gsellers5x@squarespace.com,lS6.zN%%9w,rlangrick5x
215,zsewley5y@shutterfly.com,yY4}#W14e1uZZ,tmakiver5y
216,vstrickland5z@flavors.me,"uR0|(EBN@Xg5p,",lrupke5z
217,fkabisch60@japanpost.jp,fC3_rG>#Ekwt,lworkman60
218,amitford61@skyrock.com,rM1{v{u<6K,divashchenko61
219,acicutto62@zdnet.com,rD3.#SGf93t,jlowdham62
220,jcowope63@pinterest.com,dH2@qA`c',dclash63
221,vblezard64@adobe.com,"kI1/""=&(I4o6J@!s",tdumbelton64
222,fbazek65@craigslist.org,sP9>h~9oEQK,aheaton65
223,sseifert66@vkontakte.ru,iJ0?u1Y`\IeGLiS`,pquinion66
224,eparidge67@accuweather.com,"uM4""_GckR",dogriffin67
225,epetriello68@whitehouse.gov,"vL3,rZ'hsoC",jbraven68
226,balthorp69@icio.us,yK2|%'%1Sh(f,cainscow69
227,btewkesberry6a@pbs.org,"yV5},<O93N",cwyer6a
228,khirschmann6b@so-net.ne.jp,uW1/Y}4M<29Vz%1y,floosemore6b
229,tbaser6c@tripadvisor.com,eE6`rX4z~V,asummerson6c
230,kschellig6d@linkedin.com,jG4%X)zN,vmannix6d
231,lpontefract6e@abc.net.au,sW4|W*~XW@,brainsbury6e
232,tloyns6f@fotki.com,tI6/8Y&W~21,rmewis6f
233,edomelaw6g@wordpress.org,uV0.XwP4JlF,krenon6g
234,mesposi6h@creativecommons.org,"nW5<y,&2~3fDy",lbea6h
235,lwoffenden6i@bing.com,"lT3=""0d_'WT",jjudgkins6i
236,mioselev6j@icq.com,qH6#H+w3,sbartrop6j
237,mdomleo6k@people.com.cn,dX1)vaS6Myq,nshillabeer6k
238,celward6l@bloomberg.com,rC5{`h09,bchelnam6l
239,mdoding6m@about.com,mE8@I9iYt,cstaries6m
240,dbrandenberg6n@senate.gov,qH3&?xTcJr2x8Hs,letty6n
241,aregitz6o@shareasale.com,uG0&wA8GNBO7M,ikarlmann6o
242,mpennycock6p@blogger.com,yA2}U'6#3!o{9#+t,ahanse6p
243,mmertin6q@privacy.gov.au,sM8&`uk(*,bgeydon6q
244,bsnowling6r@goodreads.com,aU7'm)d2rcneX\XV,bgamble6r
245,rmanuel6s@blogger.com,vC2&TTOrx,cbenardeau6s
246,jlangrish6t@netvibes.com,"xW3""iWxon1<K",fanselm6t
247,fgarmston6u@blinklist.com,"gE0'm""XCy,8OT",bcrosseland6u
248,gbrindle6v@slideshare.net,uE8|3IaAl,eerrichiello6v
249,jizkovitch6w@slashdot.org,"bX6""Na0gL4",emccaighey6w
250,clattie6x@usgs.gov,gB2=qK6|BhcoD,ytriplet6x
251,ggerhts6y@redcross.org,"uF6!Ou(L~3x|=,=",wsoldner6y
252,bgettings6z@utexas.edu,vT0'`(%L,lfortie6z
253,agumery70@bloglines.com,"yW9<7+@1,k&|q(",rmoore70
254,wmaccumeskey71@aol.com,lY2$diS>~RgN=VSC,rcoomes71
255,mvenmore72@cocolog-nifty.com,"cI4~dYIM""htGi",aheintsch72
256,fende73@usgs.gov,jZ1/Y>PZ.i()&,pdellorto73
257,mwalter74@acquirethisname.com,dT7?yCY<<!C%x0,pgore74
258,vhowford75@discuz.net,nP3}%gIC?,amaciak75
259,kgreenshields76@furl.net,"aR7<ieZC*YSl1""O",etrevarthen76
260,htuting77@delicious.com,"vF8?w,qig/V.mHQ2",jwiersma77
261,fmapledorum78@dailymotion.com,mS1?_1)XH_qYdZ%,kcreak78
262,mglazzard79@tamu.edu,oF2<MfLR(*XRqh2,cmelville79
263,jneiland7a@sciencedirect.com,"nJ3\0#,OaIna$",mgerson7a
264,kgeockle7b@opera.com,mX6\'R0hc\fDC,nbird7b
265,cdomanski7c@slideshare.net,uJ2/8mwG$,msabbins7c
266,hemanuel7d@last.fm,xD4_t*&.kIojD,hchretien7d
267,sfayers7e@fda.gov,"tW4""R,FX+wWL*",gswanbourne7e
268,rsemechik7f@apple.com,bZ7*1dm?S,tmillgate7f
269,slamacraft7g@si.edu,jZ4#3K`+XA|,jlerer7g
270,trepper7h@epa.gov,uW2(Hda%Et,tlang7h
271,mravenhills7i@noaa.gov,"uD2(>k,<",wgenn7i
272,mgiovanizio7j@google.com.hk,"qD7'+7km4XY<y""=+",agovinlock7j
273,clindsell7k@cbslocal.com,"sO9,pcfW+%,(!",fmckeney7k
274,ntregent7l@home.pl,pZ6!NBfm6YK2,mstreeton7l
275,sdeblasio7m@wiley.com,oP2+YK2\?!|YCZ,cgeraldini7m
276,hrathjen7n@miibeian.gov.cn,oE2$%fgM,fwixey7n
277,amitkov7o@hubpages.com,"bQ7|hz\""zA",cstrathdee7o
278,hhaverty7p@tamu.edu,pQ8*(fi<*Iq6ZWb,cmanuello7p
279,hbasezzi7q@washingtonpost.com,mK9)w_2My4t'Y,smcclosh7q
280,fsedgwick7r@edublogs.org,vC9/n=.2&_,dbrothwell7r
281,bblomfield7s@weather.com,mH2<Z~!C5`@bv,rcleminson7s
282,bmorrissey7t@foxnews.com,"gA8\>""TqW,ay",mbrindle7t
283,apykett7u@state.tx.us,kX2_5o*w9i(B5,klydster7u
284,ochipping7v@shutterfly.com,tN4$z<Qr6woV6JE,ctrahear7v
285,scarek7w@comsenz.com,"gQ9{f6""fM$",gkennealy7w
286,nbroek7x@samsung.com,"sN8}!Z\4""",pcudbertson7x
287,jzanetti7y@chronoengine.com,rB0#_x$u{6{cG4yz,bvuitte7y
288,dharg7z@google.com.hk,zG7)uh?Jk,wstent7z
289,mtyndall80@thetimes.co.uk,yT6@#&`.%6y%FEsX,ehabergham80
290,vpurple81@mapy.cz,pP6}QI0v_2dk15+*,fmoyser81
291,searwicker82@ocn.ne.jp,rY4(GxP+Hd,aarnet82
292,jdexter83@ovh.net,jG2/5YN6#L5K!,mbignall83
293,adoak84@ameblo.jp,"gE7""skN.qKuH",esnartt84
294,brittelmeyer85@deviantart.com,wX8_BPT&e'Y_v+J),abeurich85
295,mklempke86@t.co,kC2&JSRK,soldroyde86
296,jlochhead87@cam.ac.uk,kK2+6CxA3tiZFz$,mmurrell87
297,tjancso88@who.int,pH9|k}W=hpc(|c1,rmuzzi88
298,nmabe89@cpanel.net,"eY5?""AaKQm",abirchill89
299,vsmalley8a@bravesites.com,yI7@B#Cm,dsambals8a
300,bbetchley8b@hc360.com,kL1&?d<Ei/,meskrick8b
301,fcamillo8c@w3.org,xA1`v85E,smcdowell8c
302,jfelce8d@si.edu,"aH8/X.b""vP5F$OkE",dgarwill8d
303,ljahan8e@fc2.com,aA5#Q3=<Skc*li~I,cborgnet8e
304,tlodford8f@eventbrite.com,jT1&/kl)Tu,gcomley8f
305,bsegoe8g@cpanel.net,"iF1""vjK+rB%JT",gwarbeys8g
306,wbelasco8h@alibaba.com,"zX5*vT""c7l>>1,VD",lmartschik8h
307,fmoukes8i@quantcast.com,pP2)rRP{{8@a_Bm,ilabbez8i
308,rbetham8j@taobao.com,tL7)GV8>38,glunk8j
309,ueckels8k@mediafire.com,xK7`a\hA59n`ZF,amaltman8k
310,fdenisovo8l@booking.com,lB1(7f|vNvVL(Mg,nbalazin8l
311,hbrant8m@ca.gov,lZ6/032ES,graxworthy8m
312,eparker8n@state.tx.us,tP8$G<@3JS+,phustler8n
313,ndingley8o@last.fm,xY0_QUDN`mZ@U/K2,nshyres8o
314,rmaffini8p@seattletimes.com,zV6_a)Jc,rbalmadier8p
315,bdreier8q@newsvine.com,aK4)99Gg>v,bcoules8q
316,arowbury8r@xinhuanet.com,nJ2`Q%b)|8s,sgannaway8r
317,jposselow8s@webs.com,kY6\shf!b,alinggard8s
318,apordal8t@yahoo.com,lC1*0m+@,gharlick8t
319,kyateman8u@cam.ac.uk,aH4?up%bTa`!rma,dkarp8u
320,lbiss8v@vistaprint.com,sD6~y59R'),cdodworth8v
321,gharcase8w@booking.com,dA1|Dm&41eM%=nj,gbletsoe8w
322,bolfert8x@umich.edu,hH6{E.j2Y3',gbradfield8x
323,gdevenish8y@list-manage.com,zJ5!=?l3(1i_$e<,egreatbatch8y
324,preddihough8z@mapquest.com,gT1'zbQLpjWz*uk(,mbaddam8z
325,jcayley90@examiner.com,gI1'/Ex0pBWv`,ydymott90
326,grawle91@wunderground.com,pW5#'K1rN4/Ae,gjaksic91
327,jcouvet92@nbcnews.com,iC0!vt1%,gbenitti92
328,ldewolfe93@dot.gov,"dK8=VU`rvw,5D",dglaister93
329,gguiett94@hhs.gov,hG8{!u$o9BCcFA7,sduffrie94
330,mhighwood95@cdbaby.com,hN7*<pLCk,pobern95
331,tflancinbaum96@globo.com,gX1{'ZW@&O,vabad96
332,cgillibrand97@cisco.com,cU6%}<})Ng,ttommasetti97
333,wcerman98@guardian.co.uk,bP0+K\l7N,sreilingen98
334,eweatherill99@amazon.co.uk,pB4_x9K{,larckoll99
335,ecarlett9a@lulu.com,fH0_fvQFd,gbenley9a
336,boverlow9b@google.es,hC1~z1x{z>Z3yXA*,nthatcher9b
337,jquin9c@oracle.com,uM5//pHIY,eprigg9c
338,pcleugh9d@hatena.ne.jp,tY0*n=W0~SB5VS,mmitchel9d
339,foffill9e@networkadvertising.org,lM5/Q5_}bgQ3x1.,jkolakovic9e
340,lgurry9f@parallels.com,xV0%#s/h>K(5F(,ghathorn9f
341,nnarramor9g@upenn.edu,"lC8""Gri?k5o",akynman9g
342,agrabb9h@uiuc.edu,rI2'DKvXq(&,sstot9h
343,hwilder9i@icq.com,gA0*~>/{0q,mfalk9i
344,rantony9j@usnews.com,oD1\BRokr.QC,hpeake9j
345,msherborn9k@usda.gov,wZ9~+<trs,nreinbeck9k
346,kgolby9l@nytimes.com,kH1_y=WwV+/*|,rmackison9l
347,mdepinna9m@meetup.com,rA9($|c>8J,njobling9m
348,mscotchbrook9n@gmpg.org,rD3(fnT8g!,djohannesson9n
349,mphillip9o@parallels.com,"dB4,Wc#7X`=Uh0",dbaron9o
350,clacaze9p@hatena.ne.jp,"jV3"")i(+",abrettoner9p
351,fcassels9q@domainmarket.com,mG3)Aqj$19,bmaccracken9q
352,mbowton9r@hubpages.com,oQ0>*8)B,rhalvorsen9r
353,mdinehart9s@thetimes.co.uk,"sQ5/<hnZs""d9Qd",slacroce9s
354,cglassborow9t@wunderground.com,wT5?NCk0yt.S,hsifflett9t
355,tstandeven9u@bandcamp.com,"fY1,U7N}JQUd}5v",jmaleck9u
356,lcollibear9v@patch.com,kO7&OC|cYk,msebrook9v
357,wdoyle9w@t.co,nP1{hfb|5}V,creynolds9w
358,mrosengart9x@springer.com,nN6%P1xmo%Xc|jIx,bgerardi9x
359,sbousquet9y@europa.eu,jB7`3h.mot0<,jdaguanno9y
360,ibwye9z@ebay.co.uk,"vH0.YB2ut3,@4,(*",vbeddis9z
361,alorentea0@bloomberg.com,kF2~XH7D$'oi=,melderidgea0
362,lberga1@jugem.jp,rO7)q}Il<!jne%gE,benricha1
363,mlugsdina2@seattletimes.com,iV1{4>.1/|NnX@*n,egallichana2
364,rreeka3@youku.com,nS2}QFx|./p7/,rkuhlmeya3
365,tfrancescoa4@github.io,"dB3_PP_Juw(""+)J2",mtomankiewicza4
366,trosenfruchta5@liveinternet.ru,sY0~vP`q{*,rsimoncinia5
367,pcampanellia6@hexun.com,"oC8,/=H3a,<",nhopewella6
368,gharkinsa7@shutterfly.com,oH8{>v*mH9%yxYx,gtyronea7
369,sjarreda8@histats.com,lA6}C'v/1YM#CQ,dvirra8
370,mrosenbarga9@unblog.fr,bF3'+oG>(9$aD,byakovleva9
371,fhuntingdonaa@vinaora.com,"lE4}ek8O<~x9,",gflecknoaa
372,iinfanteab@youtube.com,xI8`uDwl~J~,msimmonsab
373,rohanlonac@shop-pro.jp,kM8?P}5YJ{P,bwoodburneac
374,sfannad@pagesperso-orange.fr,hP5%#TMLn_ZnG|o,cduffettad
375,kwabersinkeae@blogger.com,kS3#7vn/pPK`G,cpenhaleae
376,kralestonaf@typepad.com,aR5.|a=N_c,rbarbieaf
377,gcelloniag@spotify.com,gU7(UEKs0ue7HK,mtembeyag
378,mthoraldah@baidu.com,"bS9!b""gE7=Nd.GC",cchipchaseah
379,jmulfordai@amazon.de,lU3'TYeJ.t,dsciniai
380,hmawbyaj@ustream.tv,mZ7&E)CQR,vattackaj
381,hilyasovak@surveymonkey.com,dL1?).*sDBvJ,cvaughanak
382,hfullerdal@europa.eu,zN6`WV0cL1Sy`,aanespieal
383,edeleekam@angelfire.com,"bM2=REAvCOeq""FhX",jdowdenam
384,rmencian@merriam-webster.com,"bA7(,c7L",tspringlean
385,sposnettao@biglobe.ne.jp,oD1{6!bDBH0xj278,aferrilloao
386,ktiesap@ocn.ne.jp,bQ7_nIXH,iflettap
387,qhackingaq@creativecommons.org,pN6(4RqGJL,njeanelaq
388,adesseinear@army.mil,"bJ4,iFKHO",ekordingar
389,xtiffinas@ibm.com,iH7.kOu1YsA,kvarnesas
390,emcpaikat@bravesites.com,tO4&D3'(E420l8L,jdjorevicat
391,kbartalucciau@yahoo.co.jp,oS1{Da{gLrw7P,rdanzigau
392,mzanioloav@google.com.au,kE0@.jat6Lz}n,aolmanav
393,nstichelaw@slideshare.net,"eM2$Y@0\AXt,>qX",cgougeaw
394,gtintoax@vinaora.com,"vD8""g{|qe'l*",bdaceax
395,ysimaay@ucoz.ru,bQ1.>~Xllq,hsemmenceay
396,ytreweekaz@sciencedirect.com,zO1!~we{)4!tbh,dfyndonaz
397,cweineb0@biglobe.ne.jp,xZ5(\PWQ6EV,morrumb0
398,mgilstounb1@army.mil,fC6$C<58WRkS0MFt,edownb1
399,iproseb2@fema.gov,fP8<DT{65OJZ,jneweyb2
400,fbendleb3@senate.gov,lY5?cKuWs@,tlabab3
401,enowlanb4@ebay.co.uk,tM4~)~in/IjOR_,cboakeb4
402,lelhamb5@vk.com,sM9$0W#tjRrI,mimmerb5
403,edennistonb6@omniture.com,mZ0#Q_3!!,klingardb6
404,gdysterb7@webs.com,jB4.mnJ~rEyv,seaglestoneb7
405,gslimmb8@xing.com,"hL5""fzstRj</",mshermoreb8
406,dlukashb9@qq.com,cR0`$Zb<+GMTT3@,amaxfieldb9
407,dingleba@cam.ac.uk,aF8<QY{EI?y60(V,tburrellsba
408,eflemmingbb@163.com,"jN2=RZ8@Z%1e""`",ccaldicottbb
409,eblennerhassettbc@mit.edu,uH9~*b@0}\'Sid,fpaulazzibc
410,lgwyerbd@exblog.jp,gF2\LvBE$,crobrosebd
411,kyankishinbe@wikimedia.org,uS7\#aYX*6i4G,lacorybe
412,condrabf@home.pl,"mF1{sxy&bW/%aI""",dabrahamsohnbf
413,rrounsefellbg@weibo.com,mE1$/|H$fC,hmcdirmidbg
414,lfilonierebh@unblog.fr,gS7$$LOXWuE,ejeandonbh
415,lgodbaldbi@w3.org,kS1/*m=c|N,jkoeppebi
416,cwolseybj@wordpress.org,eD5$!.v)st{#,vwurzbj
417,ddanskenbk@ning.com,gD0`#&~F\gr,rpolsinbk
418,slockbl@mapquest.com,uL4&Njcq`!,rlapishbl
419,jmccrearybm@etsy.com,wW7|O!ce,wdackbm
420,ccapewellbn@taobao.com,kS7)D3dOLT,teaganbn
421,klantiffebo@dion.ne.jp,pR5<cGjPrawE,jgallonebo
422,mfarfootbp@artisteer.com,gX4@ExVrZi,kdenesbp
423,tphearbq@house.gov,rJ3/S|Ju,cdrysdalebq
424,srubiebr@wiley.com,mC0+14%zE,fdubsbr
425,ohaningtonbs@eepurl.com,qR0>9kCy7QmAJW,nsemeradbs
426,gguilfordbt@lulu.com,"yV9<E`{$zRy""gV",ojeanneaubt
427,cmccaffertybu@webeden.co.uk,"qJ5,#V5ked7&",iormerodbu
428,hdealmeidabv@npr.org,dM5!9rY=fjIIxGHJ,kellwandbv
429,tcelandbw@php.net,"wS7_,iCB#{5L~V",bthynnebw
430,jjewksbx@fema.gov,uL6\Sr\UYwXzU#cV,weverissbx
431,sfirebraceby@nba.com,iY3(gV~Ii!$OTUW,ldurramby
432,sbamberybz@ycombinator.com,"cW7$(+_M7""Z'",mmenicombbz
433,vhalliwellc0@meetup.com,rE6_GupQeq2J1xvz,phoultc0
434,cmolnarc1@reference.com,eE9#2H~kI9a8,cmanicombc1
435,poventonc2@simplemachines.org,"kA2,(?|TJ2<\",asprayc2
436,wsammonsc3@tripadvisor.com,"qC7$em9N',tV&"">w",sbetoniac3
437,mlillymanc4@earthlink.net,dB2)wy!DX,krasmusc4
438,rdawidowitzc5@blog.com,fQ1|5VvjgS,nseekingsc5
439,mplaisterc6@dagondesign.com,hZ3)%H~R<t)f=,dmacelhargec6
440,gmccaullc7@nps.gov,aK7/+@&X3<)/b,ffrusherc7
441,dwetherillc8@bbc.co.uk,"tJ2@,5|\.",sbebbellc8
442,slohrensenc9@mediafire.com,oR2($zsl`,medmundc9
443,gbramsenca@creativecommons.org,aM7}ZJntn<Al+.,flemoirca
444,omaffeycb@nhs.uk,sE7}X425H=&pQQ,sborlandcb
445,atruemancc@fotki.com,gB6@rnd&,wscallycc
446,gserriscd@google.com.hk,yS7<OkCX,sperringcd
447,mpinerce@apache.org,nV4_kQ5G,rbonseyce
448,rtyronecf@house.gov,lO4>Ure$=+w~,cforkancf
449,lalliboncg@time.com,aB8|}5hS_S(J~.u,screbbincg
450,bcosserch@apache.org,gU5`!3P{Cu/,dlehrerch
451,disaksenci@ning.com,xV1%cmrv%u>,jbellyci
452,bmollisoncj@newyorker.com,oY4(ZLna,ebrennancj
453,ejimenezck@senate.gov,hX0\'vuNfzr,bdoddingck
454,lmeckiffcl@adobe.com,aQ7@i5*1gb6}Y|B,mmcvittycl
455,kniesscm@blogs.com,dK5%40LaE0a,mlebruncm
456,aminghetticn@de.vu,jM2@'=y|fs/,jleechmancn
457,ecraddyco@sina.com.cn,"wF5@|,4p(4#",tjeanessonco
458,mbraybrookscp@mysql.com,qC2'R{)WJ,ctabbernorcp
459,efrancoiscq@liveinternet.ru,oU8{/$fUI!Hm<T,rskewiscq
460,crubinowitzcr@google.es,pY3)cPxbji,iedlandcr
461,mclaasencs@youku.com,"qA9`BnT(""VZBpU",cloraincs
462,kduleyct@ustream.tv,sU8`lP=GKj<OE?a,smaunct
463,hpatrycu@marketwatch.com,tO8{EAe|XTx,hsandoncu
464,crehmcv@usnews.com,nQ1%clqo,ddaniscv
465,tknappcw@forbes.com,"rW0""j""t/.ZXzbj",stoghercw
466,jamisscx@yellowpages.com,"uO0,+&vhW",pkeseycx
467,cpeasegoodcy@wsj.com,tR6/f(&Lk,tduchamcy
468,icowsercz@friendfeed.com,uP4?9$Z#qO,kpridmorecz
469,aclutterhamd0@mediafire.com,bE1*YG)2,mrannsd0
470,dmeccod1@statcounter.com,nJ0`3Yi!`{,alegand1
471,bhelbeckd2@phpbb.com,wD5|WQ)D\nlbe{|(,dhairsnaped2
472,gashfordd3@nhs.uk,"rI6,fN*aO",dkitterd3
473,arowneyd4@soundcloud.com,kK2#bX3|+AJMBf,obillesd4
474,adraned5@jigsy.com,gZ2}#)qB69,nmcmurdod5
475,ksacherd6@virginia.edu,"iM7<Gy`c""\",igillardd6
476,dbrazeltond7@dailymail.co.uk,pM9>Ua<u,epachtd7
477,bsarged8@exblog.jp,oR1+oitk,csiemandld8
478,acharlsond9@wikia.com,"tR5?Cq'J6=hA"",D",grookebyd9
479,tgroomda@linkedin.com,pN6{xQy!!??|dSh3,nfarranceda
480,ckarbydb@bigcartel.com,gO5_{tyGJKG\,mcollerandb
481,cvasindc@cam.ac.uk,"jB3.PhkUC?w"",",acaizleydc
482,iblamphindd@e-recht24.de,dN0\@tf|S(YY#b,sghestdd
483,cbealesde@paypal.com,"fC6|30"".",hmarcombede
484,csimmigdf@gizmodo.com,cO1=?dt/)4YP#n/a,chorlockdf
485,acoulterdg@cbsnews.com,"pC9|Sk,/)my",abranscombdg
486,nmcneilleydh@amazon.co.jp,"tS1+qo""PepUu",jmingaulddh
487,mtabourindi@furl.net,"qV6(YV""g)y?F",mseverydi
488,tbestwalldj@buzzfeed.com,rK9`/nASn{tZF,jgrayerdj
489,pmatchettdk@newsvine.com,oV8#qD?.0!q,eparkinsondk
490,kevadl@ca.gov,cN6>vdIY@Y7,vgraundissondl
491,ddeathridgedm@alibaba.com,rL8@)p/!r#L4,rfinlatordm
492,dsnawdendn@google.pl,hV8#uTiwX6,dkindalldn
493,bhearndo@123-reg.co.uk,kJ5<2)#6LP8mTV,dcurlisdo
494,cmclaydp@blog.com,"kT9!3pqrC#`,",vlauretdp
495,mpulsterdq@phpbb.com,qP5|.1&iY%q}G,hkegleydq
496,rbrockettdr@amazon.co.uk,"sA9>c@$U@!X,k",dclairedr
497,mgrzesiakds@un.org,hW2~wI>KQujmz,jhalmkinds
498,cduigandt@npr.org,qQ5'7JRA=eF,ashilstondt
499,smompessondu@examiner.com,lH8/>V*x,icrowdendu
500,egilderoydv@yahoo.com,pT1=d=!?_t,emoulanddv
501,askasedw@hexun.com,"jQ3!&,P9`",nsinkinsdw
502,emeenehandx@wired.com,fX0{wZV\Fj&J8vX},edregerdx
503,wduckworthdy@photobucket.com,lQ1~V7qu,kvaderdy
504,bupsondz@wikipedia.org,iJ0'A2ODys$aN,sahernedz
505,plambshinee0@sciencedaily.com,pN8`5&+EZehNK<pP,msemerede0
506,kkilshalle1@skype.com,qX1@TwZ*WL=ar,ahiorne1
507,bbrazenere2@uol.com.br,tV0!3`HBh\p/}w,ncawtherye2
508,itolchere3@earthlink.net,sI6/MmZ.ADxeiT,csnelsone3
509,dworleye4@kickstarter.com,vI0`S=@6L8.,fbaidene4
510,fmcilwaine5@dyndns.org,aI7&hm&p=XnesM{,amangane5
511,geggintone6@photobucket.com,tS9$3=A|,sglande6
512,smellye7@unblog.fr,"bL1,qubaYg",xojedae7
513,afilipponie8@jalbum.net,uG6<B)Sx'Yl`ln4,degiloffe8
514,wleacocke9@sohu.com,"qJ4,NKFpR9OaR",apatterse9
515,adeddenea@google.com.hk,wV8=DZd<,achippea
516,ncuthberteb@google.co.jp,sE3<6D2e*=|&&+a,cthelwlleb
517,afarragherec@tinypic.com,wN1.xM3jn1AHBY|,dbuckamec
518,myuryeved@wsj.com,pC4+T%L6a}8V/,aplayfooted
519,lchoulertonee@liveinternet.ru,aW1%cS)e,kwillanee
520,ckeeref@prlog.org,nU6%Mv}VDw,epineef
521,ggaishsoneg@networkadvertising.org,aU3`Tq9JRZX/,ddoneeg
522,avernoneh@sfgate.com,zI2+HU*X>qyo6,sbolinoeh
523,jedensei@businessweek.com,nW8=wu!kH0B,ayuryevei
524,wrustidgeej@accuweather.com,pN1@kZ){5{)ww\>M,amaccheyneej
525,swesternek@nyu.edu,fO8#DSEy%q9BdIi\,wscintsburyek
526,smillarel@nydailynews.com,nR7|E!/0\=,pjedrzejewiczel
527,msandfordem@is.gd,uC2*Vj2X_}x@=A,wcarhartem
528,sposselwhiteen@ebay.com,iG2\a.awgR_1Q)+,kbourleyen
529,wdawberyeo@opera.com,sW4&`%LwB}ODcZ(u,calexsandrowiczeo
530,aswalesep@howstuffworks.com,fF5<MgB+!z70}U8,fmichurinep
531,tlefrieceq@youtube.com,rC8+RaX5ZR>z#bT,aschuleeq
532,tgaltoneer@freewebs.com,"fF3%Npq""GJ4",wkarslakeer
533,emcnaires@privacy.gov.au,vW7|dXnVV/5x,aattenbrowes
534,fmaystoneet@yelp.com,qS7/Ir\O,cbockeet
535,tcasementeu@cisco.com,"dV1>m""TB`_=G""",kcoreeu
536,crobillardev@apache.org,jR6|u*xSg\,wcreykeev
537,akellittew@is.gd,oF6#7Qu20,dcutcliffeew
538,lmoncreiffex@uol.com.br,oG0/N_hS7'u$.,ssharpleex
539,fmcgarahaney@vimeo.com,xX9_+qW}{37cKH,iurioney
540,sdoudnyez@diigo.com,"sC7&S\UO'cMj\2"".",aaartsenez
541,rebunoluwaf0@bloglovin.com,qA6@b?MZ4(X,lvasserf0
542,lfransonif1@utexas.edu,nM3}$R\4<R`}{,cdefontf1
543,emourantf2@hhs.gov,gK8$slG),bliebf2
544,pdeantonif3@unblog.fr,kO7<Ek.6>Qd'rf!Q,plearmouthf3
545,fduckelsf4@creativecommons.org,"kN8(,oLss+",gbalchenf4
546,gdelacourf5@sakura.ne.jp,oQ5*pvMSNp,eizzatf5
547,dbeavingtonf6@omniture.com,nB8?@\ql}@mk@.RT,krowf6
548,mpreblef7@icq.com,gX6$m4m58EVb,erutlandf7
549,wmcilhargaf8@scientificamerican.com,rZ8@!\go},bgwynnef8
550,dportf9@list-manage.com,"dK1""z(n=~",lbrettonerf9
551,sbleasdalefa@si.edu,oF8{Yy6.Ekb$h,cbutlandfa
552,mserminfb@ustream.tv,pG9@p6V}f,dleilfb
553,ewheeldonfc@loc.gov,"dV8,|jC\<!Z!MEwg",cungerechtfc
554,esinclairefd@xrea.com,cZ4*+\'#3aI{!vg,ksuerofd
555,rtoogoodfe@answers.com,"cX3>Q""dq?""a@}t",kfawdriefe
556,cmityushinff@google.fr,pZ2)dh~FV/*ad,thawkingsff
557,obrabbinsfg@google.ru,hM1.T{K>%~c,awilmingtonfg
558,djurcafh@feedburner.com,"xC9+e1Rxt6"".S",whuettfh
559,csweedyfi@51.la,"iS2""J'Ne||eaoWr@",lkenlinfi
560,lfennerfj@columbia.edu,"rR1,i68pqE*",rfarquarfj
561,gpaulsenfk@soundcloud.com,"wM1("">Aa=",ecroutearfk
562,rphetteplacefl@mac.com,"kA3}lKQ""DZX%.g""",wewellfl
563,hchadfm@ft.com,lE8!ZoKhOtp<s,ncomellifm
564,strillfn@example.com,"qM9%`9\5E)ZfGV,",mtowndrowfn
565,pmakinsonfo@fda.gov,gI2+LYom4H4(,namossfo
566,mvanderdaalfp@va.gov,mM1`O4\Lhc,crigardfp
567,lchastneyfq@nature.com,kP7%`HE=`U>j,lalexsandrovichfq
568,bjaxonfr@nature.com,"uE0`K""JZ}.zn`",astaniforthfr
569,afanshawefs@rediff.com,yV3%i~b)p'v8~,tabdeyfs
570,gdigregorioft@biglobe.ne.jp,qY6<'nb%,aasserft
571,mizkoveskifu@mayoclinic.com,eQ0%mo+3<<#,ireedyhoughfu
572,eswetenhamfv@eventbrite.com,jH5*9t!.61@V,jbalentynefv
573,jpetersonfw@mapquest.com,dB6<}QqTm7mAt9Q,bjacquemardfw
574,ntrevorfx@php.net,wC7*dj*jX,calhirsifx
575,kgrissettfy@hexun.com,dV8{hR/aFe_DsM%?,mbursnellfy
576,cbradfieldfz@jalbum.net,sB8!xsirF,hoveralfz
577,mdeardsg0@techcrunch.com,dR8`(F+H,dchitteyg0
578,smckintoshg1@diigo.com,dP6/Os4zi0)x2D,rfreundg1
579,pgainfortg2@samsung.com,lU3%{saN#3+mCC,abulleng2
580,apitfordg3@quantcast.com,wP6!196q>I}Uo_,kjewsterg3
581,thousegog4@twitpic.com,jW2!i5*Y,mcorbittg4
582,olearoydeg5@about.me,fR1=7&3v$!KU=(,lforsdykeg5
583,egorussog6@bravesites.com,"sH3`0ZT1H""",froothamg6
584,gdeveroseg7@dell.com,"oY0+sh""!QO",bsinclarg7
585,xtarbathg8@state.gov,sZ3*e~OG#UnFdiD#,anegrig8
586,dstolworthyg9@wp.com,lT1!zw3Hf.0@H,bheeleyg9
587,apaulinoga@t-online.de,pN7.192!8aaq3,crheltonga
588,nthackhamgb@nytimes.com,iJ4>G\O_o*,ataylorgb
589,rgoulbourngc@google.de,uK5@k~_#,zamiablegc
590,bcowelygd@ucoz.com,hF2|>NgM,wreadheadgd
591,candreichikge@ucoz.com,wI6'tbq<>,athurlowge
592,bsculleygf@feedburner.com,wF6'ao<un=G,gmillberggf
593,ccrutchleygg@vimeo.com,nJ2`a9gr+vZxgPDb,hsissensgg
594,pbreartygh@skype.com,"rA6\""bjB<)",dlendongh
595,dgoodbarrgi@nsw.gov.au,sZ3+E#U2s,nmcgaraghangi
596,wbensongj@parallels.com,"fI3)5(,N(>.<#",mbeadnallgj
597,ulambirdgk@furl.net,fB0{CCNvsYaj'f6?,nkiendlgk
598,hblundengl@marriott.com,kP9/FpTAOZ,mblackstongl
599,akellockgm@twitpic.com,uG0.v`4'3TGH,gpriumgm
600,cpoynorgn@bizjournals.com,"jH8)""i<*miAE",lzapatagn
601,sfranceygo@theguardian.com,bV3'D2{5?+f`MI,agrindallgo
602,jwandtkegp@usa.gov,"cI7,zbYL",elynchgp
603,zbrecknockgq@wordpress.com,"tE3$""CwZW}yX",snaismithgq
604,gyoudgr@webeden.co.uk,xC1/.8yjDens<=wp,mmiddleditchgr
605,lhemmingwaygs@usda.gov,wT4{PQy$<$,cgarnergs
606,fpetowgt@lycos.com,dT9=r\4d?V4,rcowpgt
607,mloisigu@telegraph.co.uk,"kS7#)/unr+\>""5",cperrengu
608,wkeaseygv@indiatimes.com,"kS9/M,U~D",gwinchestergv
609,gilesgw@hud.gov,fD7`N(1D,geaddygw
610,ksallagx@umn.edu,mN1`C8U}`,bpeetgx
611,gyannikovgy@mapquest.com,lV8_hni},amacafeegy
612,thaingegz@mozilla.org,"mI2?uO*>,",mjeanequingz
613,ejanceyh0@csmonitor.com,fL2.{P03+}#@0W~,djarvilleh0
614,voggerh1@ucsd.edu,bA4}E4rfF807S01,ogristh1
615,mdirandh2@oracle.com,kL2\8j=jzM,gbossonh2
616,kvonhelmholtzh3@smh.com.au,oQ8>aeTW=jJqJ,hhaycrafth3
617,kendersh4@geocities.jp,cL8**%t)Q+B!=j,mharrollh4
618,fthatchamh5@pagesperso-orange.fr,"zW1""R~PW}",bphillph5
619,tstallionh6@ucla.edu,tF3&8WDDSX*5z,gjorgesenh6
620,sjerrolth7@timesonline.co.uk,fL2{1bY1,eboyeth7
621,oryalh8@prweb.com,eS6$`7>+K<R5Znsk,fcicculih8
622,eginnetyh9@goo.gl,xL4>_ddn/Mt<E,rlewryh9
623,dwaleworkeha@issuu.com,iE9|/a#@L%Pgf=~,kwhetnellha
624,kbloweshb@blinklist.com,sO3!P@Y=T\m\,jstanilandhb
625,pstoffershc@cbc.ca,kH2#nin|.JEn+,cloughheadhc
626,tbuzzahd@nyu.edu,rY5|@pxO/<,sgibberdhd
627,hgillaspyhe@merriam-webster.com,oQ0/)?T)F?,ksurgeyhe
628,lbakeuphf@virginia.edu,fA6`kxb+y6'bP9Y5,lvinehf
629,mortelthg@qq.com,sP5?ODV/j,fkarolovskyhg
630,sbelleniehh@csmonitor.com,kG6(%+N~eI_t't3T,manderhh
631,mclewerhi@instagram.com,mJ6@*~7(eQ|,bhuckinhi
632,wblandenhj@themeforest.net,jW2|?v(6,woshirinehj
633,kbeechinghk@unesco.org,hM9@yIbo6bz1HkX,mdunbobbinhk
634,kvannonihl@disqus.com,dK0!CA\/|,zcollopyhl
635,rlauranthm@nsw.gov.au,zT3~1w9@`Opx2,khostanhm
636,dthorneloehn@bbb.org,vI1~|abGR,rhaconhn
637,bcroftsho@indiegogo.com,pM7*'8&2x,klevesleyho
638,jsameshp@yellowpages.com,vH3+XwovWfy,kjayumehp
639,ddeaconsonhq@columbia.edu,aH2'=X{fh1U3,egrabbanhq
640,mbuchehr@mozilla.com,eI4|&JJTy8!W,kplaschkehr
641,cbanburyhs@issuu.com,uH3?r<H?iDf`rmu,pdelucahs
642,ncranhamht@go.com,hN5)Zc&4<o~R.2,tpedicanht
643,mputthu@state.tx.us,cF7|!u{~)mK,cmcminnhu
644,rcartledgehv@simplemachines.org,zE6}=iC9g&kG,edohertyhv
645,ggregoracehw@seesaa.net,oU6+Iy~<tLL,mmilbyhw
646,mendicotthx@about.com,kR2.4(*}3ceE,cbenitezhx
647,ifoulserhy@plala.or.jp,"oK0+m.f~l""",litskovitzhy
648,gelderidgehz@un.org,wO2}|hlO),vmarrionhz
649,wbeckeni0@yelp.com,kZ9{n0p<,ahugnini0
650,lchinai1@wikimedia.org,dC0#8GIwca~{Q,smartineci1
651,tcrusi2@buzzfeed.com,jG1'9OH4E$Gl,hbyfordi2
652,agironei3@seattletimes.com,aF4#5{~CX=,cfetterplacei3
653,boliphandi4@spotify.com,"uW6*,P,V",lspraggoni4
654,pbalfouri5@pbs.org,"fB1\""{igw",dpinwelli5
655,ecarcassi6@patch.com,sU3/5(+yg/O$,gboucheri6
656,aspohrmanni7@jiathis.com,pW7\HF1\=_8C>n,pmilthorpei7
657,dvaltii8@multiply.com,tD9@QX\G1sFn%#f,sstuddei8
658,jpasqualei9@upenn.edu,"wL3=}H2gF,|4EF#d",vbaggetti9
659,sendrighiia@slashdot.org,"bS8|_'|hpxH,$i'",rfigurskiia
660,cmcgriffinib@opera.com,tQ7=s~Dj@8Cb~i+,apughib
661,rswannellic@usnews.com,"uI3<""g_y""~zJm6Nb",obimroseic
662,eivermeeid@mysql.com,zJ0}uo1_<}o,frowcastleid
663,gbonsulie@sourceforge.net,"jY7,{%,HBtk.Y(Z+",stottie
664,elightmanif@senate.gov,wW9_g'2P,jbriattif
665,dwalwoodig@dot.gov,"fG5.H,sz(h&",gdadeig
666,mperroniih@usnews.com,eF5`'+<00a4Af#,hcasementih
667,lninnoliii@gmpg.org,"vS0$e""0LBXaP{xA",mkarpii
668,adewhurstij@china.com.cn,qS5?Pq(>zE=&@v,gbendittij
669,asommersettik@list-manage.com,"yM3{qT`UX8""SXMP",kmckuneik
670,alindbladil@guardian.co.uk,yE3_a%!8rF,csoaril
671,mfowlesim@sogou.com,nD2#BC|$f'}\4aTu,mempletonim
672,amcilwainin@xinhuanet.com,"qF0~n@#Z""2VXu=",rvaloisin
673,kpettoio@google.fr,aO7`4K<>3}xI}/,sbottonerio
674,mceaserip@intel.com,bJ7#UELt(xR,itwentymanip
675,kmcconwayiq@addthis.com,"uP2'&~~j""mK",gambrogioiq
676,cpestorir@imgur.com,"gX0.nTPb,i",squeyeiroir
677,theinishis@weibo.com,kW7)T~qX8Q%12,fharhoffis
678,apabelit@mit.edu,gI7/D/*OF{oFmd,sshadeit
679,nchuggiu@rediff.com,kM1>U=j%,lgaymariu
680,scasoniiv@ucla.edu,bV0*6P+v$GWBg,echamaniv
681,tcollesiw@discuz.net,rS9*.Kwsd,bpirreyiw
682,cbalaamix@forbes.com,"vU0""r5EqI8{mzug",gscrubyix
683,sbrigdeniy@microsoft.com,"fJ4=X,zkfG",rhuffiy
684,msebleyiz@cnn.com,gR0*js3EV<cg?w,ahugliniz
685,ddanilyukj0@phpbb.com,"eV6,YGbUo`Vp+}mC",lbondej0
686,kblackbournj1@ucoz.com,"oU6{G,D0V",wwoodyattj1
687,targoj2@bizjournals.com,lM3#sF\6PAmO%_2x,gpaitonj2
688,dfeatenbyj3@wufoo.com,eN4@g5{T,bvanyukovj3
689,mosmarj4@wufoo.com,"qD0,YtzXa))z.",bcridgej4
690,czamoraj5@zimbio.com,lK3<6pT|,ibeltznerj5
691,cbeakj6@tuttocitta.it,"bH5$6\yM,PyJ8",jselewayj6
692,hbottrillj7@smugmug.com,"vE6,k=L)Q2!q}g|",lgilcriestj7
693,tzuponej8@harvard.edu,aM7)gJL#*1Tl*l,wburfittj8
694,ejacobowiczj9@huffingtonpost.com,"nL1/<~\y,,",chabornj9
695,sseearja@chron.com,aN8(~/i&!Mp?oW$l,ncheeversja
696,bdownerjb@intel.com,"jN8'P!q)4DhD4|,j",bmaccafferkyjb
697,aglentworthjc@seattletimes.com,xT9@kg*wc#g,smartensenjc
698,smenhenittjd@weather.com,dQ4)WX\),ocornejojd
699,rhornbuckleje@europa.eu,vZ2&`~+*ai,mtidridgeje
700,gamerjf@i2i.jp,"tJ8%f,oMlEIHB",mnorkerjf
701,clacyjg@blogtalkradio.com,"mI4$QO/,1.V>O`zk",sgoodbyjg
702,aoxshottjh@shinystat.com,nF0)\e.<@',phorningjh
703,agrizardji@quantcast.com,"lB9""GEPP",rwhittleseyji
704,obedderjj@skyrock.com,sC8?GWlj,xsisnettjj
705,amurisonjk@skyrock.com,"nM9""Lb6U_.",mgriffinjk
706,lmoraledajl@ucoz.com,pL0'WIshIB,uannearjl
707,ykinnerleyjm@sciencedaily.com,"mB2@tdWK.zTm""`Xn",lsallingjm
708,zbenbrickjn@twitpic.com,nD9=N4Q`z0!,lrandalljn
709,ocantujo@joomla.org,sJ2'a/HGvi5Ep?,fblythjo
710,atilnejp@eepurl.com,sP7&>3\kgI1$,rdibnahjp
711,tmollisonjq@umich.edu,"pP3\bkz,tXB<YxqR",vebijq
712,mgagesjr@fema.gov,yB3{z1<OD,bchatanjr
713,sbarbyjs@gmpg.org,mZ4+5qE0K,mblackaderjs
714,tshillitojt@vk.com,gB3#sSz/n/.,jblasljt
715,ajelfsju@prlog.org,gY5+fmIX,kburnipju
716,rzecchettijv@umich.edu,iF6)sH@7$LAV?8k$,kcrystaljv
717,dreadiejw@cam.ac.uk,aN7)8MdXq8UI,vespleyjw
718,cottonjx@cbsnews.com,qA8!Kz|YI,dbutsonjx
719,aponcefordjy@sitemeter.com,"uC3,q!#DDx~{T",kmcgeachyjy
720,cheeleyjz@archive.org,xF6_qxlfD,chelksjz
721,msummerillk0@qq.com,wI3+U5ie@>B%,twentk0
722,nchatelaink1@apache.org,lM5!e8Kj&/)L,wmurfordk1
723,vgirodiask2@sfgate.com,bW5_rUi(d9$,bdossettork2
724,mmcfetrichk3@homestead.com,xM0{4bJ4dn6,lvautink3
725,lbangiardk4@sitemeter.com,vH1(@a*8~q#U?B,aiannettik4
726,apottellk5@shop-pro.jp,wE0$v3WA'o2<\2{,jtriswellk5
727,gjeremiahk6@google.com.hk,qS7'$NQjr,hmcmanusk6
728,dpietruszkak7@prnewswire.com,kK6*l&5v,cgirardeyk7
729,lradkik8@npr.org,wX0}jG5~e@*E{,dforstallk8
730,rtourniek9@1und1.de,aW3'k/S<),cbatsfordk9
731,respinalka@github.io,cQ7>DN0l!y,kechallieka
732,tlovemorekb@gov.uk,"uV0=LP""wU|A`t",bspeechlykb
733,gcollardkc@zimbio.com,"dU5""|l.'(4TlI\j",pspeekskc
734,cachromovkd@people.com.cn,"mW7@E""/1",kdwelleykd
735,rmarquotke@irs.gov,lH2@35~Vq7L\ij`,twarnerke
736,amughalkf@sbwire.com,jO6(K%$sf|J,kmiellkf
737,mcolbrankg@joomla.org,cG2'r6Q$u*,dmcviekg
738,rhundalkh@google.cn,tT3{#Z6o,imcdonnellkh
739,mriguardki@lulu.com,"zL0>kJl~<|""NrD",smardeeki
740,bpeopleskj@bloglines.com,rC3>)u1.,btanswellkj
741,dkistingkk@goo.gl,qZ6=.hgO(%mw,omengokk
742,zhazellkl@ask.com,oX5\eobr,mpostlewhitekl
743,ldrancekm@dailymail.co.uk,uZ2&067Fgf,mtrinkwonkm
744,lrubiekn@columbia.edu,lL9&p1`s,dmusterdkn
745,jbrunelko@cisco.com,yK6%U9{),bgookeyko
746,mhulkskp@parallels.com,"mV7>e,&L$s?T&",clamprechtkp
747,ctweedekq@independent.co.uk,aF8!z!>yYy3MDk,ajerrandkq
748,scasarilikr@spiegel.de,"yW3`+zGH?Usea,+'",cbukackr
749,mbigmoreks@twitpic.com,"dT0#Pk""4",pdreinanks
750,aspurdenkt@mozilla.org,qI8+D?|M,gquogankt
751,dbosherku@phpbb.com,dM7?p56>A\.XE@mq,odirrku
752,passenderkv@cpanel.net,dK5$)Eu1S,aguilfoylekv
753,jkamiyamakw@surveymonkey.com,eO4{cX<KzHS},ashearmekw
754,mmathelonkx@hibu.com,eP7+M/KHLO.`hIAh,gvanekx
755,jplaskettky@yolasite.com,oM8@R0Z%dZ$,osaundersky
756,skenninghamkz@weibo.com,rO0=44iJ~*cr,cwaylenkz
757,bkobpal0@csmonitor.com,"hY8(mqt""m.J)J|X",cgowthropl0
758,sbesemerl1@amazon.co.jp,bZ9=@6yc%+`+au<Q,sesbergerl1
759,sleserl2@google.co.uk,xN0$BU~|<sq,acockingl2
760,jkiellorl3@time.com,qQ7!6_u5,lmccrainorl3
761,makeherstl4@liveinternet.ru,gY5.ikk(dX.F,kskeldingl4
762,amoriartyl5@theatlantic.com,sL1|fn3z@cvw,rseabrightl5
763,mspiaggial6@ask.com,uC5+pqaM0Q,cdryburghl6
764,dcolbertl7@washingtonpost.com,sL1!'~5y,sskellonl7
765,kdenisyukl8@123-reg.co.uk,gE0%'d{c,mmacvanamyl8
766,pdochel9@sciencedaily.com,rP9{Ju><1C$OeR,arodgersl9
767,ustaintonla@hugedomains.com,eR3!l*v8wt},bbeaverla
768,joadeslb@nsw.gov.au,eJ8)O/ZFN*~_1,slangmanlb
769,cdunstonelc@prweb.com,"qL9{d""pv\GfOH@5Q",crosenbergerlc
770,amcmurtyrld@homestead.com,xT6~j6!h,cwinthropld
771,ggreenigle@cyberchimps.com,pO7<400#,nmatzkaitisle
772,tbrodielf@sohu.com,nO7+usMEADA2<(%I,dcarolllf
773,nklehynlg@engadget.com,nA0~@=8&0E~Q{`Cm,hstormeslg
774,mgilluleylh@ibm.com,oP2')xI#Ss\6kX%2,mtonkinlh
775,relijahuli@fastcompany.com,vA0|*/~sSU,lbanasikli
776,bchoppenlj@joomla.org,lV8`Z}g%NZJ#D,fbramfordlj
777,egoldingaylk@auda.org.au,"dR5*WXzq>jC#P,K""",vmcandielk
778,bmashroll@yale.edu,aI1$3$Y0y,sdunkleell
779,vpovalllm@whitehouse.gov,yJ1>)9Uxn0Dj,aclemintonilm
780,spooltonln@geocities.com,vM6%09Q&`,rmcarteln
781,aiczokvitzlo@state.gov,kI9<hb7BB46,agiblinlo
782,tkeyndlp@meetup.com,xK6/kW.5$,rdavernlp
783,wporcaslq@ow.ly,lI2*xka&$gj,wcowtonlq
784,ajazelr@ebay.co.uk,lR8}%)$}0&#i@Q5j,jharbidgelr
785,cprosserls@japanpost.jp,yW0_m2vNRXh,jbradnockels
786,bhorderlt@utexas.edu,fM2*H#XkJ,ygiannottilt
787,mbulmanlu@cocolog-nifty.com,aL9}DYmM%/!}x3f,pteeneylu
788,hdmitrlv@pen.io,"cC6\,&/Us""3U",ewinscomlv
789,ckegleylw@cafepress.com,fU5%i+(~+F,dattwilllw
790,kshimmanslx@nsw.gov.au,aG4%ae20d0\xFpyw,kshyramlx
791,hfrankomly@com.com,xW9}g#$A9$s>B,bgarzly
792,ahrinishinlz@php.net,"fI2,{.chQc",bhoflz
793,arichardesm0@bbb.org,zA7|DHW>m|2e1,gcatonnetm0
794,rlefortm1@e-recht24.de,lM7(zlQ8wLf.i@b~,kaxelbeym1
795,cstapelem2@example.com,sG3=8_Oo,glevenem2
796,talelsandrovichm3@goodreads.com,gV8+}pU5sxjfD3\,nbeekenm3
797,rcampanym4@state.gov,dJ5$R\?R7&`,tslingsbym4
798,etrenemanm5@comcast.net,cW2/.4((O(YjSE+Y,lbuntenm5
799,geskriettm6@bluehost.com,iY7_W5@f\4|,csirettem6
800,atythertonm7@icq.com,mA6_'>D>|k,eflutem7
801,mdurkinm8@topsy.com,rZ6$Kc|4\.,mbeadmanm8
802,vifem9@netvibes.com,nL1!tX4Ms,gximenezm9
803,rberthomieuma@ibm.com,vL3`8C2kagd8K83i,pclarridgema
804,nkliemchenmb@cdc.gov,nX5_yq{F&o!s\,eoconormb
805,alammasmc@zdnet.com,bZ0??B3K9zEg,mdolbeymc
806,mflettmd@tuttocitta.it,"jF9""d?iV",ghammormd
807,sseakme@artisteer.com,fR8<rGwS.N7o%*?,chasardme
808,mjerramsmf@webnode.com,cP9+05X',pbickmoremf
809,fshaylormg@nih.gov,tC4@9MI5Z6D,afleismg
810,adenseymh@rambler.ru,hV9@W>WfztH,mcaldayroumh
811,aderislymi@walmart.com,"aM4<srmMT""d2D|8",dheggadonmi
812,scattermolemj@multiply.com,"wF0~SnB,dt>cPq~",fgoffmj
813,mjackwaysmk@indiegogo.com,qX7)r8zgARpW>N3,jhawardmk
814,edarbonml@deliciousdays.com,"nA1=Fz.#'V%'Z1""",gbarmbyml
815,sgirodinmm@wunderground.com,pW6}gj+DH,clukinsmm
816,khowkinsmn@tiny.cc,tK8}nBUrN,njohnkemn
817,chorriganmo@rediff.com,"qB8/!>Cxq4A""B",bwhatmoughmo
818,binghammp@sitemeter.com,tG0|ux#oT)RKk,mambrogionimp
819,cwhightmanmq@apple.com,mM2?S`<8,ehawksleemq
820,gerrickermr@xinhuanet.com,iV8@Pq5!)jsV,nlaurenceaumr
821,mmonceyms@bbb.org,"xX1(i6""IU'TJa",mwarrellms
822,mchoudhurymt@goo.ne.jp,oC9|_q#a'rLU*z=%,mmoylesmt
823,ugheorghiemu@cbc.ca,kN9)jB4vxb*>D!{t,zsandfordmu
824,ptantmv@nasa.gov,"fW0""\LDA",wstaddommv
825,gnicholsmw@deviantart.com,pT1\lXxT,mhalfordmw
826,mdenholmmx@addtoany.com,"eT1_H9OA2UL""+>",graftmx
827,slindemanmy@github.com,cO6}vsT7M(,lmelsomemy
828,rhessentalermz@macromedia.com,vL5@i(23,smordauntmz
829,lpattien0@cargocollective.com,"rN3#oJ,XRtBGR,(=",tcavnorn0
830,gyosifovn1@ask.com,zY9`DsUdU/oW2SL0,ntaylorsonn1
831,heskrickn2@icq.com,mB4@<f9Z4c2l,mallotn2
832,swilcen3@fda.gov,"gH1#7+/14,m5i",hwestmerlandn3
833,nkienleinn4@narod.ru,fM6}/{.3xX}@+,bgelln4
834,csolleyn5@ca.gov,iL1~BJ<2Kov1_tb,mlampingn5
835,jrougiern6@reverbnation.com,jP4?hOjVg~Y8dgHz,mtuttiettn6
836,kbrozssetn7@toplist.cz,aQ6!XD+H,wwhileyn7
837,ysalernon8@admin.ch,vW2.o#gZJTn$qOs,lmacpadenen8
838,fferdinandn9@arstechnica.com,kP4&<=!RN7Cr_S>.,dbrennann9
839,gknealena@hubpages.com,aN6`1_2/\P<Q,agalbraethna
840,lurrynb@theglobeandmail.com,"lD5,&VL`",emcgreilnb
841,nmathevonnc@purevolume.com,rP8%2apzLn3kkqu,kmicahnc
842,rkondrachenkond@amazon.co.jp,uN2`0b_nw?,kcaspellnd
843,wbalintne@howstuffworks.com,lY0}R{MNq>@asX,ktroddenne
844,cclowneynf@theatlantic.com,"rC5,yoRJa?W`#jcS",cgilchrestnf
845,swynettng@ucoz.ru,mR7_KD0@lg,muphamng
846,wcansdellnh@usa.gov,nS7{b>S_jC|Br,abahikenh
847,esarfassni@fastcompany.com,pC4+SiZesk!G,rfairnieni
848,ssticklandnj@exblog.jp,mE9%D{GAK7,eskillnj
849,mlekeuxnk@mysql.com,cD8{jtLF+p7j,kmarrittnk
850,vbullardnl@dailymotion.com,sW9|B+Yx$7TD$,wlarradnl
851,llongnm@wiley.com,lT4\bGdQ,jinsworthnm
852,chowettnn@latimes.com,mB5<vv7smF,dfishernn
853,jgingerno@prweb.com,vT9|{P.WY,gcornuno
854,warmsdennp@hp.com,rT4}}xvsRZN$JO9,utwelvesnp
855,pbasillnq@cloudflare.com,zW6@XoV4/+&,higguldennq
856,dforrenr@state.tx.us,rW6+@>G@VBO\77,akitchinnr
857,apancoustns@columbia.edu,"sS4,E{{bSJS,r",dgoodyerns
858,wkalinskynt@weibo.com,jO9+.pM|{$+a(W,bborsaynt
859,deversleynu@bbc.co.uk,yY6`uQ5a9x\%,babramamovnu
860,etraharnv@netlog.com,kA0{!iHi'pVomLl,dbouldenv
861,wlangmuirnw@4shared.com,"tU3%,pNBihAeV~@*",gmeedendorpenw
862,bgloyensnx@nature.com,"iK6""C_}z*,.\",lcleevelynx
863,ktrevaskissny@simplemachines.org,gR8/_0%b2_,eschimoniny
864,ebroadbearnz@bing.com,mW2}yz+H2)K\ylg6,ybonallacknz
865,awatfordo0@spotify.com,"hG9+,N_4fEoBUM",rboskello0
866,lboddieo1@arizona.edu,cG5$Ly'8&Ytw6,vtendero1
867,lallistono2@java.com,mJ3{MLOum5}a}Px,chedgeso2
868,smaggorinio3@miibeian.gov.cn,fL0!B/XuB6,cspicero3
869,gwhybrayo4@constantcontact.com,mS3\EJNLE,leakleo4
870,bgrahlmano5@princeton.edu,"wB1<mw""_|j.8+'",llutwidgeo5
871,dduftono6@jiathis.com,xL5`9!D/,mgozzardo6
872,mlaidlero7@topsy.com,qY5`ZeB7b!81,gbygraveso7
873,sdorkeno8@list-manage.com,iQ3%MeAnD/$6%,jtwiggo8
874,dhambidgeo9@facebook.com,zA3~)5)LHy6,dheinigo9
875,ppetrishchevoa@hatena.ne.jp,kM5.C58CclNO'p),lionescooa
876,hullyottob@sitemeter.com,dN7{p!R)@p&)'Hq,pgouthob
877,kmattonoc@canalblog.com,fL3(sBrA5@2d,ktolletoc
878,dmccroneod@timesonline.co.uk,qE9`0$H~,sbunyardod
879,mselvesteroe@shareasale.com,iY5~%!.gIFT4,ocamellinioe
880,adowntonof@facebook.com,"nP9""W{yGD|?",achantillonof
881,esussemsog@skype.com,"yW6|DYhW""v\",jranaghanog
882,cwayteoh@sciencedaily.com,nJ3*fpY05K|G,cwhitloeoh
883,ftommasettioi@ezinearticles.com,"fU8,D4kA0eXDNuCO",bbladenoi
884,mtauntonoj@spiegel.de,xV6+Eq@wNHT}/>|*,wmoorcroftoj
885,jharhoffok@cbsnews.com,lJ4{r!Tmj,trobotthamok
886,nrubinszteinol@digg.com,"uF3.""u}vu|o%u?4",bbrayfieldol
887,chandmoreom@storify.com,dN8<EeI1xK,erobroeom
888,lcompfordon@economist.com,qJ6.Wb)n4Bk4,robrianon
889,ccreddonoo@microsoft.com,uG8\!wOo,mjouloo
890,rkilnop@pagesperso-orange.fr,"pL2.{5uN<""",sgregoriop
891,ikislingburyoq@loc.gov,mC4<tb&I,cpinwelloq
892,jvonweldenor@lycos.com,mT5/wJl#>_,rcollieror
893,mtwinameos@apple.com,eG9_axT#puz,areubleos
894,jvogelot@tinyurl.com,xI6(|3cqRvUY1b2z,vheidenot
895,skennsleyou@chicagotribune.com,nC3<foj!,slambirdou
896,dfullardov@nps.gov,rX9`z!>ESPF,alewryov
897,spirdueow@studiopress.com,"kU6,r6u)",pmccarrollow
898,ctoselandox@163.com,mB7'7LNr!_,ischwandermannox
899,hfenelowoy@yolasite.com,"oF2$A,~M|{9",cstobbsoy
900,bbooelnoz@freewebs.com,aT9>hIyD0{&,alinchoz
901,bpicknettp0@tripadvisor.com,"eZ9?,""'tZ",tbonehamp0
902,jwhitwellp1@amazon.co.uk,sO1/dK*rY$,sshalesp1
903,rdoodsonp2@utexas.edu,hS7?q'AHz5,tblacklockp2
904,lmartiniep3@instagram.com,eG5{L*sKl,makhurstp3
905,psintonp4@taobao.com,"uJ0'LQ<P,y",kpappsp4
906,lcrannisp5@sohu.com,"kX4/s,QVZ$bt",nhaxbyp5
907,tshilvockp6@macromedia.com,fV8*tKjUUqr,lvaneschip6
908,jdowdallp7@meetup.com,eE1|uuXdoek<6,jlovstromp7
909,gkettlesp8@mozilla.com,uQ3+~3x+0ujXt5R,wshortlandp8
910,kbendigp9@hhs.gov,"cT4,Hk9wo",efarnallp9
911,ipriddypa@aboutads.info,xU3_4r>j8x,wnourypa
912,mwellspb@amazon.de,"iQ3|Ax`""LdQmf&",jambridgepb
913,njandlpc@aboutads.info,jV2&c%$#M#hJVEoc,rsteelpc
914,mwadleypd@epa.gov,iL5>@yT*Q|XO,bshoulderpd
915,hdrillingcourtpe@bing.com,"pX7.6I5!""YP$H?",sthoresbiepe
916,evigiettipf@google.cn,"vE3,K>/}""iyQ5",dbaughenpf
917,bethelstonepg@wikimedia.org,uT8~q`3J=?9,jpointpg
918,bketchph@webs.com,uR9'gpD&.4.Vx,nkillickph
919,ggasonpi@godaddy.com,zG0\zX%>,mmaciaszczykpi
920,candreuccipj@github.com,hC9`?oV#T>r7)DU,tbarnewallpj
921,gyakobowitzpk@nps.gov,lW0.(0D`U!\h&h,vgiorgionipk
922,sserjeantpl@wired.com,iN8$.AWDNCJXK,bbruinpl
923,edambrogiopm@netscape.com,fU6=dfPY9ynjG,abutchardpm
924,aivakhinpn@newsvine.com,nL4#&!eR_Xfh,kpayepn
925,bvandenboschpo@youtu.be,mL4.i6x+$Ycp(,ahallewellpo
926,fbatroppp@netlog.com,"oZ5,!+/Mg",mswornepp
927,bmarquesspq@theglobeandmail.com,rI3@#C56LS,cbarefordpq
928,mfooterpr@netlog.com,wH6%gJW>LdO`OaS,shutcheonpr
929,gglencrossps@redcross.org,uX1.Gm6JuhUXz&,bhacheps
930,lmcenteept@mapy.cz,"xD8}fioLY""s|#Nd",mspataript
931,vwestoffpu@bbc.co.uk,pB2$$!6NdF=,hdellenbrokpu
932,ltiltpv@g.co,xR9)ThTW'E,chandypv
933,ddewickpw@paypal.com,mR8!|\rful7I3,aleithharveypw
934,jstenetpx@apple.com,"hT5&z,Gp",ssonleypx
935,tnewmanpy@yahoo.co.jp,"wC2(rdhBVRk,nfx",kfairlempy
936,vfelcepz@mozilla.org,cQ1&+Z'bZ@,hjennenspz
937,bdealmeidaq0@chron.com,bQ8?i%)d,mstegellq0
938,bvanyashkinq1@imageshack.us,rD4_$$/_<Bh)Y,clamortq1
939,rwatlingq2@mail.ru,"vW8""3%y$\hL>a",rsnadenq2
940,gbresnerq3@dot.gov,eM3\Ej*.|W%M|z#,mgalletyq3
941,dleneveq4@guardian.co.uk,"rA0/UJ2c#Ya""",kwedderburnq4
942,jgiovanizioq5@flickr.com,"pM7""WV`|J8!*",kfroudeq5
943,srushfordq6@springer.com,oS5'>bj.7J3x7?Sj,srymanq6
944,amaccaigq7@google.ca,mU5.JPfNCk|Q,lcoverlynq7
945,fcollerdq8@ycombinator.com,eH7~g`j(,sbrabinq8
946,pcarlyonq9@hao123.com,jC5'g2`~I<,tstolleryq9
947,bgullenqa@cnbc.com,wU1|.{Kl>>jKP(,fbiskupskiqa
948,fkeuntjeqb@github.io,"iN9%kU{an,b",gnelthroppqb
949,vlippingwellqc@reddit.com,yG7$\XCM?pHGO&,qroggeroneqc
950,eboateqd@issuu.com,gP5!7\mt\,aferryqd
951,smolineauxqe@census.gov,qP2%x.`HH,scourtoisqe
952,jlindleyqf@hhs.gov,"wA7!=sQ,mf+oW@",rbenkaqf
953,xdegiorgisqg@ustream.tv,kI1(_a5T,bcharkqg
954,olansberryqh@admin.ch,sX1`iOdIH3u\A,vhallattqh
955,apilgramqi@google.com.au,hW2$xU`L{@Oa,rhazelbyqi
956,mfowellqj@china.com.cn,dH8>3u?#X>,gmacfadinqj
957,amayorqk@hatena.ne.jp,sD9<7m/93Jz7jd,dkimmelqk
958,cmillionsql@jimdo.com,aQ7`|P8c/Wxql&+9,msibbertql
959,qjachimczakqm@unesco.org,hE8$svL?}jc,ldergesqm
960,opainswickqn@hud.gov,"tN1\Zb(Rmott,f2}",blindemanqn
961,vosheeqo@ucla.edu,nS9@(8VX,omulhollandqo
962,ncressyqp@pcworld.com,"lV7,2)F=",psafferqp
963,tswangerqq@technorati.com,"rQ0<,*eqh`Pt+tt|",owebsterqq
964,owarrqr@state.gov,"cX1+0""<`uFJS",scrookshankqr
965,ddmitrqs@xing.com,uD4*a`7}B,brainonqs
966,sshuttleworthqt@upenn.edu,"uM2.I,\0",dcovellqt
967,abigriggqu@pcworld.com,hC8<aKi%G4,nvidgenqu
968,sfantinqv@cafepress.com,dF7\x`ugK$zjS$z,rmallingqv
969,ebargeryqw@mapquest.com,zA0/EKRdw5o,fribchesterqw
970,rshallcrossqx@va.gov,"oK4&4@~""G#(Y",bponsfordqx
971,gbeattyqy@elpais.com,cU6/hnMf+,rcejkaqy
972,mcaccavellaqz@abc.net.au,xJ0=nvOls!v!,mjeskinsqz
973,pherriesr0@biblegateway.com,bP5`r7wm,dshillinglawr0
974,rwilkisonr1@japanpost.jp,iM3)M&\Nm)&7{,hkeper1
975,rheyfieldr2@soundcloud.com,cN9>x%MGH\N~,bbewlier2
976,euwinsr3@mashable.com,"gK5\""/VSymc",rbleythingr3
977,lpottr4@admin.ch,rU3|%jx@2OHc,abasirer4
978,cfrenscher5@ning.com,gA3}F&|U61i,keastwellr5
979,tcristobalr6@dailymail.co.uk,iE2<IFXCiG1,ejerrandr6
980,rquixleyr7@imgur.com,aG9?N5d}SKb,rfriesr7
981,cwitterr8@usgs.gov,uK4%yKFB5tKy$2!,cbeaversr8
982,jbrantzenr9@desdev.cn,xO1#\#ZRW8Tfy,bhaguer9
983,mwoolhamra@free.fr,mJ6#ek#gFgZwl2Q,hbasekera
984,vduellrb@tmall.com,yX1<uHV+|5y&,vlaprerb
985,qdonnerrc@drupal.org,yV2@%(*(P9#%,sstubbleyrc
986,pburnsidesrd@rambler.ru,lW0/ZbrOXB/,cjiroutekrd
987,mmarneyre@example.com,mD6~H5'y(8z~2,gtittare
988,ihawkeyrf@odnoklassniki.ru,pW3`1S\J,hbecconsallrf
989,kmcdowellrg@vk.com,uE1.b>jkp'/{!,wcashinrg
990,dpietrzakrh@photobucket.com,iP1&A0=R=3nGO6,lbroadbentrh
991,esmithemanri@foxnews.com,iU6=8+u7fD=XI,owenderottri
992,lladelrj@opensource.org,"aO5<},Brgh)Fr",rkillbyrj
993,jhawkinsrk@github.com,"rO9$""}#91**vZ/d",nbelchamberrk
994,moxbrowrl@tripod.com,iR5|x1Hqc~za,mtrothrl
995,rputtanrm@ebay.com,zS6\8B/u`?KQrD},glujanrm
996,dyesinovrn@opensource.org,"kI9""YEUNliu?630V",bklimptrn
997,elouchro@over-blog.com,bM5<P9m3DU>X,dwyonro
998,ggeraldinirp@state.tx.us,nS5\tAtsg.,shurlinrp
999,kmainerq@umich.edu,pT1&ZuyJ,jserminrq
1000,mlongmorerr@symantec.com,wU0`hME<_`PUv%Bd,vstodartrr
